code,system
2BBL.00,readv2
2BBM.00,readv2
2BBX.00,readv2
F420400,readv2
2BBP.00,readv2
2BBQ.00,readv2
F420000,readv2
2BBR.00,readv2
2BBS.00,readv2
2BBT.00,readv2
2BBV.00,readv2
2BBk.00,readv2
2BBl.00,readv2
F420100,readv2
F420200,readv2
F420700,readv2
2BBW.00,readv2
2BBo.00,readv2
2BBr.00,readv2
C108711,readv2
C108712,readv2
C109611,readv2
C109612,readv2
C10E700,readv2
C10E711,readv2
C10F600,readv2
C10F611,readv2
F420.00,readv2
F420z00,readv2
2G5L.00,readv2
C108511,readv2
C108512,readv2
C109411,readv2
C109412,readv2
C10E500,readv2
C10E511,readv2
C10F400,readv2
C10F411,readv2
M271000,readv2
M271200,readv2
2G5V.00,readv2
2G5W.00,readv2
C104.00,readv2
C105.00,readv2
C105z00,readv2
C106.00,readv2
C106z00,readv2
C104.11,readv2
C104z00,readv2
C108D11,readv2
C109C11,readv2
C109C12,readv2
C10ED00,readv2
C10FC00,readv2
C10FC11,readv2
K08yA11,readv2
C104y00,readv2
C105y00,readv2
C106y00,readv2
C108000,readv2
C108011,readv2
C108012,readv2
C108100,readv2
C108112,readv2
C108200,readv2
C108211,readv2
C108212,readv2
C108300,readv2
C108311,readv2
C108y00,readv2
C108z00,readv2
C109000,readv2
C109011,readv2
C109012,readv2
C109100,readv2
C109111,readv2
C109112,readv2
C109200,readv2
C109211,readv2
C109212,readv2
C109300,readv2
C109312,readv2
C10E000,readv2
C10E012,readv2
C10E100,readv2
C10E111,readv2
C10E112,readv2
C10E200,readv2
C10E212,readv2
C10E300,readv2
C10E311,readv2
C10E312,readv2
C10EA00,readv2
C10EA11,readv2
C10F000,readv2
C10F011,readv2
C10F100,readv2
C10F111,readv2
C10F200,readv2
C10F211,readv2
C10F300,readv2
C10F311,readv2
C10yy00,readv2
C10z.00,readv2
C10zy00,readv2
C10zz00,readv2
Cyu2300,readv2
C106.11,readv2
F381300,readv2
F381311,readv2
C106.12,readv2
C106.13,readv2
C108B00,readv2
C108B11,readv2
C108C00,readv2
C108J11,readv2
C108J12,readv2
C109A00,readv2
C109A11,readv2
C109B00,readv2
C109B11,readv2
C109H00,readv2
C109H11,readv2
C109H12,readv2
C10EB00,readv2
C10EC00,readv2
C10EC11,readv2
C10EC12,readv2
C10EJ00,readv2
C10FA00,readv2
C10FA11,readv2
C10FB00,readv2
C10FB11,readv2
C10FH00,readv2
C10FH11,readv2
F372.11,readv2
F372.12,readv2
F372200,readv2
F3y0.00,readv2
M271100,readv2
C107.00,readv2
C107z00,readv2
C107.11,readv2
C109511,readv2
C109512,readv2
C10E600,readv2
C10E611,readv2
C10F500,readv2
C10F511,readv2
R054200,readv2
R054300,readv2
C108500,readv2
C108600,readv2
C108700,readv2
C108D00,readv2
C108F00,readv2
C108H00,readv2
C109400,readv2
C109500,readv2
C109600,readv2
C109C00,readv2
C109E00,readv2
C109G00,readv2
C10E512,readv2
C10E612,readv2
C10E712,readv2
C10ED12,readv2
C10EF12,readv2
C108F11,readv2
C109E11,readv2
C109E12,readv2
C10EF00,readv2
C10FE00,readv2
C10FE11,readv2
F464000,readv2
C108H11,readv2
C109G11,readv2
C109G12,readv2
C10EH00,readv2
C10FG00,readv2
C10FG11,readv2
N030000,readv2
N030100,readv2
C109F00,readv2
C109F11,readv2
C109F12,readv2
C10EG00,readv2
C10FF00,readv2
C10FF11,readv2
G73y000,readv2
C10EK00,readv2
C10FL00,readv2
C10FL11,readv2
K08yA00,readv2
C10EL00,readv2
C10EL11,readv2
C10FM00,readv2
C10FM11,readv2
C10EP00,readv2
C10EP11,readv2
C10FQ00,readv2
C10EQ00,readv2
C10EQ11,readv2
C10FR00,readv2
C10y.00,readv2
C10yz00,readv2
F345000,readv2
F35z000,readv2
F420600,readv2
F420800,readv2
F372000,readv2
F372100,readv2
F420300,readv2
F420500,readv2
F440700,readv2
K01x111,readv2
M037200,readv2
N030011,readv2